Region,Country,Year,Population,Christians,Muslims,Religiously_unaffiliated,Buddhists,Hindus,Jews,Other_religions,Level,Countrycode
World,All World,2010,"7,020,588,096","2,147,229,418","1,675,799,697","1,635,247,024","342,747,232","1,051,543,332","13,913,864","154,107,528",3,900
World,All World,2020,"7,885,807,101","2,268,860,679","2,022,590,461","1,905,359,982","324,185,581","1,177,861,089","14,779,638","172,169,677",3,900
Asia-Pacific,All Asia-Pacific,2010,"4,128,253,668","253,421,219","1,022,290,072","1,363,120,346","336,315,490","1,043,564,086","181,429","109,361,020",2,90001
Asia-Pacific,All Asia-Pacific,2020,"4,544,798,237","268,839,155","1,187,663,747","1,492,753,842","316,111,123","1,166,709,664","185,058","112,535,650",2,90001
Europe,All Europe,2010,"741,696,840","553,631,592","39,278,971","138,737,705","2,011,820","1,652,525","1,388,749","4,995,478",2,90002
Europe,All Europe,2020,"752,957,406","505,138,687","45,505,934","190,322,687","2,539,594","2,152,636","1,277,202","6,020,665",2,90002
Latin America-Caribbean,All Latin America-Caribbean,2010,"588,473,795","530,226,293","709,760","46,140,536","337,081","664,052","446,479","9,949,595",2,90003
Latin America-Caribbean,All Latin America-Caribbean,2020,"646,240,245","546,922,208","753,352","77,150,335","326,820","695,342","390,861","20,001,329",2,90003
Middle East-North Africa,All Middle East-North Africa,2010,"355,632,196","11,802,540","334,176,998","1,316,557","64,589","1,993,713","5,767,388","510,411",2,90004
Middle East-North Africa,All Middle East-North Africa,2020,"439,686,888","12,918,830","414,112,362","1,858,569","88,708","3,223,451","6,788,404","696,565",2,90004
North America,All North America,2010,"345,259,689","266,493,854","3,883,369","59,342,371","3,961,863","2,331,594","6,047,315","3,199,322",2,90005
North America,All North America,2020,"377,608,061","237,626,771","5,913,163","114,133,083","5,047,832","3,617,558","6,086,121","5,183,532",2,90005
Sub-Saharan Africa,All Sub-Saharan Africa,2010,"861,271,909","531,653,919","275,460,528","26,589,508","56,388","1,337,362","82,503","26,091,701",2,90006
Sub-Saharan Africa,All Sub-Saharan Africa,2020,"1,124,516,265","697,415,028","368,641,903","29,141,467","71,503","1,462,439","51,992","27,731,936",2,90006
Asia-Pacific,Afghanistan,2010,"28,284,089","28,348","28,213,147","2,447","5,653",100,30,"34,364",1,4
Asia-Pacific,Afghanistan,2020,"39,068,979","7,571","39,015,051","3,304","7,814",50,10,"35,179",1,4
Europe,Albania,2010,"2,928,722","594,046","2,054,583","279,325",0,0,281,486,1,8
Europe,Albania,2020,"2,871,954","511,657","2,139,813","219,787",5,20,289,382,1,8
Middle East-North Africa,Algeria,2010,"36,188,236","105,192","35,671,272","392,542","5,106",0,55,"14,069",1,12
Middle East-North Africa,Algeria,2020,"44,042,091","129,920","43,329,641","557,664","6,607",0,57,"18,202",1,12
Sub-Saharan Africa,Angola,2010,"23,294,825","21,332,160","38,880","1,042,874",897,"3,191",499,"876,323",1,24
Sub-Saharan Africa,Angola,2020,"33,451,133","31,124,508","85,520","2,045,473",801,"3,102",400,"191,330",1,24
Latin America-Caribbean,Argentina,2010,"41,288,694","36,363,335","412,921","4,016,361","12,035","1,025","182,835","300,182",1,32
Latin America-Caribbean,Argentina,2020,"45,191,965","39,974,074","419,922","4,172,533","14,038","1,163","173,979","436,255",1,32
Asia-Pacific,Armenia,2010,"2,931,078","2,858,753",690,"35,353",199,139,99,"35,845",1,51
Asia-Pacific,Armenia,2020,"2,890,893","2,813,205","7,712","34,051",309,216,103,"35,296",1,51
Latin America-Caribbean,Aruba,2010,"100,114","82,315",180,"5,619",479,249,353,"10,919",1,533
Latin America-Caribbean,Aruba,2020,"107,401","87,446",363,"6,309",584,302,380,"12,016",1,533
Asia-Pacific,Australia,2010,"22,141,581","14,861,049","548,184","5,504,105","603,817","319,799","109,927","194,700",1,36
Asia-Pacific,Australia,2020,"25,743,791","12,035,331","901,843","10,900,956","672,312","762,897","108,230","362,221",1,36
Europe,Austria,2010,"8,365,092","6,728,595","450,301","1,129,728","18,486","7,346","13,543","17,092",1,40
Europe,Austria,2020,"8,921,405","6,083,568","740,723","1,998,162","26,496","10,103","5,384","56,968",1,40
Asia-Pacific,Azerbaijan,2010,"9,146,851","149,891","8,883,621","97,725",228,762,"14,623",0,1,31
Asia-Pacific,Azerbaijan,2020,"10,181,730","42,730","9,644,874","484,645",208,693,"8,580",0,1,31
Latin America-Caribbean,Bahamas,2010,"367,478","358,283",328,"7,040",0,459,205,"1,162",1,44
Latin America-Caribbean,Bahamas,2020,"395,863","386,320",340,"7,351",0,500,196,"1,156",1,44
Middle East-North Africa,Bahrain,2010,"1,213,244","190,706","851,913","4,468","2,218","156,282",198,"7,459",1,48
Middle East-North Africa,Bahrain,2020,"1,483,077","202,789","1,097,795","4,747","2,367","166,191",213,"8,975",1,48
Asia-Pacific,Bangladesh,2010,"152,201,982","463,272","137,551,787",0,"946,053","13,030,675",0,"210,193",1,50
Asia-Pacific,Bangladesh,2020,"166,298,024","499,044","151,443,154",0,"1,014,722","13,141,486",0,"199,618",1,50
Latin America-Caribbean,Barbados,2010,"275,244","210,820","1,976","57,269",281,"1,298",127,"3,473",1,52
Latin America-Caribbean,Barbados,2020,"281,698","217,891","1,992","56,731",301,"1,302",129,"3,352",1,52
Europe,Belarus,2010,"9,490,752","8,906,307","24,382","472,647","3,622",529,"12,288","70,977",1,112
Europe,Belarus,2020,"9,350,944","7,960,518","24,528","1,287,788","3,537",521,"6,989","67,062",1,112
Europe,Belgium,2010,"10,936,626","6,683,328","559,180","3,501,101","15,831","12,921","30,262","134,003",1,56
Europe,Belgium,2020,"11,540,107","5,882,166","786,035","4,498,732","20,589","26,799","28,946","296,841",1,56
Latin America-Caribbean,Belize,2010,"320,245","237,090",624,"51,260",821,644,587,"29,219",1,84
Latin America-Caribbean,Belize,2020,"390,812","290,631",704,"61,082",989,764,772,"35,869",1,84
Sub-Saharan Africa,Benin,2010,"9,797,484","5,714,570","2,298,933","431,003",921,923,3,"1,351,130",1,204
Sub-Saharan Africa,Benin,2020,"13,070,169","6,957,403","4,104,194","638,597","1,075","1,084",8,"1,367,808",1,204
Asia-Pacific,Bhutan,2010,"701,632","3,846","1,604",200,"524,129","158,241",0,"13,612",1,64
Asia-Pacific,Bhutan,2020,"770,006","4,237","1,711",336,"575,466","173,297",0,"14,959",1,64
Latin America-Caribbean,Bolivia,2010,"10,182,345","9,745,146",857,"406,102","1,733",339,"3,516","24,652",1,68
Latin America-Caribbean,Bolivia,2020,"11,816,300","10,507,715","1,158","1,128,180","2,227",436,495,"176,088",1,68
Europe,Bosnia-Herzegovina,2010,"3,811,472","1,770,576","1,954,335","42,192",90,0,500,"43,779",1,70
Europe,Bosnia-Herzegovina,2020,"3,299,350","1,474,082","1,770,067","34,503",89,0,497,"20,111",1,70
Sub-Saharan Africa,Botswana,2010,"2,033,111","1,635,921","14,562","298,108","5,043","2,916",97,"76,464",1,72
Sub-Saharan Africa,Botswana,2020,"2,365,894","1,946,908","7,817","348,312","5,399","3,252",93,"54,113",1,72
Latin America-Caribbean,Brazil,2010,"193,701,930","172,701,282","35,958","15,720,304","245,576","5,800","107,832","4,885,177",1,76
Latin America-Caribbean,Brazil,2020,"208,660,843","168,295,544","36,936","28,113,467","215,207","1,608","92,141","11,905,941",1,76
Asia-Pacific,Brunei,2010,"392,332","34,072","309,133",614,"30,745","5,260",0,"12,508",1,96
Asia-Pacific,Brunei,2020,"447,404","29,947","367,545",699,"28,172","5,976",0,"15,065",1,96
Europe,Bulgaria,2010,"7,437,599","6,054,027","742,377","625,297","1,474",105,"3,671","10,647",1,100
Europe,Bulgaria,2020,"6,933,652","5,512,051","711,305","695,595","1,835",202,"3,189","9,476",1,100
Sub-Saharan Africa,Burkina Faso,2010,"16,176,498","4,299,885","10,408,435","100,990",251,120,0,"1,366,816",1,854
Sub-Saharan Africa,Burkina Faso,2020,"21,478,690","6,014,971","14,478,720","123,674",269,130,0,"860,926",1,854
Sub-Saharan Africa,Burundi,2010,"9,376,445","8,945,646","194,470","174,318",10,661,21,"61,319",1,108
Sub-Saharan Africa,Burundi,2020,"12,617,036","11,983,696","377,703","158,086",21,942,21,"96,568",1,108
Asia-Pacific,Cambodia,2010,"14,500,726","53,940","276,160","13,528","14,055,399",131,0,"101,568",1,116
Asia-Pacific,Cambodia,2020,"16,725,474","52,923","341,685","13,220","16,238,906",133,0,"78,608",1,116
Sub-Saharan Africa,Cameroon,2010,"19,668,066","14,095,280","4,194,809","604,900",356,"1,247","1,247","770,227",1,120
Sub-Saharan Africa,Cameroon,2020,"26,210,558","18,303,865","6,593,861","545,144",477,"1,948","1,672","763,591",1,120
North America,Canada,2010,"34,196,899","22,997,204","1,111,218","8,157,594","378,162","542,066","342,029","668,625",1,124
North America,Canada,2020,"38,171,902","20,353,687","1,865,790","13,218,712","663,179","582,029","352,344","1,136,160",1,124
Sub-Saharan Africa,Cape Verde,2010,"509,785","436,894","1,448","69,288",29,8,66,"2,051",1,132
Sub-Saharan Africa,Cape Verde,2020,"514,680","402,984","1,609","106,107",27,7,64,"3,882",1,132
Sub-Saharan Africa,Central African Republic,2010,"4,492,996","4,033,045","377,193","44,850",96,48,154,"37,609",1,140
Sub-Saharan Africa,Central African Republic,2020,"5,026,629","4,557,904","313,714","22,743",94,122,160,"131,892",1,140
Sub-Saharan Africa,Chad,2010,"12,312,575","4,869,422","7,052,453","331,149","1,387","1,387",0,"56,778",1,148
Sub-Saharan Africa,Chad,2020,"17,224,679","6,699,376","9,707,447","539,935","1,873","1,722",0,"274,327",1,148
Europe,Channel Islands,2010,"158,620","135,415",124,"22,302",5,127,103,544,1,830
Europe,Channel Islands,2020,"166,236","141,638",132,"23,632",6,136,111,581,1,830
Latin America-Caribbean,Chile,2010,"17,181,464","14,780,924","1,263","2,333,521","2,874",758,"28,042","34,082",1,152
Latin America-Caribbean,Chile,2020,"19,370,624","13,235,177","12,977","5,862,725","7,423","1,034","15,801","235,487",1,152
Asia-Pacific,China,2010,"1,351,561,514","31,195,977","20,728,269","1,181,562,175","76,098,118","22,473","3,094","41,951,399",1,156
Asia-Pacific,China,2020,"1,426,106,093","25,452,526","25,980,822","1,278,120,922","53,378,804","29,118","3,038","43,140,859",1,156
Latin America-Caribbean,Colombia,2010,"44,777,319","41,383,248","1,349","3,243,740","1,619",410,"2,598","144,356",1,170
Latin America-Caribbean,Colombia,2020,"50,629,998","43,666,834","1,988","5,034,446","4,669",519,"2,095","1,919,446",1,170
Sub-Saharan Africa,Comoros,2010,"654,836","1,992","651,810",851,0,5,0,178,1,174
Sub-Saharan Africa,Comoros,2020,"802,164","4,091","788,527","1,043",0,5,0,"8,498",1,174
Latin America-Caribbean,Costa Rica,2010,"4,555,962","4,156,673",808,"343,727","2,011",404,"2,464","49,875",1,188
Latin America-Caribbean,Costa Rica,2020,"5,034,320","4,423,112","1,268","508,396","2,467",472,"2,555","96,052",1,188
Europe,Croatia,2010,"4,301,146","4,028,125","66,274","200,957",956,493,524,"3,815",1,191
Europe,Croatia,2020,"3,953,958","3,592,480","54,272","263,248",881,463,606,"42,007",1,191
Latin America-Caribbean,Cuba,2010,"11,297,409","6,642,212","9,037","2,659,144","5,648","23,722","1,130","1,956,516",1,192
Latin America-Caribbean,Cuba,2020,"11,176,354","6,778,898","8,940","2,414,969","5,588","23,468","1,118","1,943,374",1,192
Latin America-Caribbean,Curacao,2010,"156,879","142,220",772,"9,229",492,"3,137",304,725,1,531
Latin America-Caribbean,Curacao,2020,"185,018","167,662",919,"10,965",645,"3,676",359,792,1,531
Asia-Pacific,Cyprus,2010,"1,127,817","739,135","299,719","73,119","7,188","3,195",471,"4,991",1,196
Asia-Pacific,Cyprus,2020,"1,302,248","882,257","317,212","85,559","7,261","3,473",570,"5,917",1,196
Europe,Czech Republic,2010,"10,464,036","3,142,223","19,839","7,171,807","11,074","2,382","2,674","114,037",1,203
Europe,Czech Republic,2020,"10,550,130","2,786,580","34,513","7,681,911","7,217","1,778","2,723","35,407",1,203
Sub-Saharan Africa,Democratic Republic of the Congo,2010,"68,563,038","66,161,426","826,448","974,848",146,"1,082",103,"598,985",1,180
Sub-Saharan Africa,Democratic Republic of the Congo,2020,"95,989,998","92,401,422","1,219,602","1,128,415",147,"1,150",103,"1,239,159",1,180
Europe,Denmark,2010,"5,547,863","4,447,568","177,237","804,281","27,660","16,920","8,248","65,947",1,208
Europe,Denmark,2020,"5,831,530","4,484,810","246,038","969,836","38,283","25,374","6,189","60,999",1,208
Sub-Saharan Africa,Djibouti,2010,"930,252","12,517","906,185","10,372",0,372,0,805,1,262
Sub-Saharan Africa,Djibouti,2020,"1,105,189","12,158","1,079,460","12,172",0,442,0,956,1,262
Latin America-Caribbean,Dominican Republic,2010,"9,820,175","8,339,408","1,929","1,467,305","3,345",743,100,"7,344",1,214
Latin America-Caribbean,Dominican Republic,2020,"11,008,300","8,546,468","2,732","2,157,747","4,684",701,100,"295,869",1,214
Latin America-Caribbean,Ecuador,2010,"15,076,695","14,407,969","2,152","643,690","2,575","1,308",603,"18,398",1,218
Latin America-Caribbean,Ecuador,2020,"17,546,065","15,532,412","3,182","1,472,360","3,861","1,397",599,"532,255",1,218
Middle East-North Africa,Egypt,2010,"89,196,073","4,535,191","84,653,484","4,089",19,56,354,"2,881",1,818
Middle East-North Africa,Egypt,2020,"109,315,124","5,270,537","104,038,012","5,086",59,187,234,"1,009",1,818
Latin America-Caribbean,El Salvador,2010,"6,068,250","5,360,862",199,"705,373",397,109,99,"1,211",1,222
Latin America-Caribbean,El Salvador,2020,"6,234,674","5,430,923",218,"740,804",416,119,99,"62,094",1,222
Sub-Saharan Africa,Equatorial Guinea,2010,"1,189,085","1,054,485","48,135","59,303",33,594,43,"26,492",1,226
Sub-Saharan Africa,Equatorial Guinea,2020,"1,716,469","1,522,171","69,484","85,605",742,857,"1,075","36,534",1,226
Sub-Saharan Africa,Eritrea,2010,"2,945,187","1,386,315","1,510,272","30,596",28,784,9,"17,181",1,232
Sub-Saharan Africa,Eritrea,2020,"3,291,271","1,536,075","1,700,586","34,925",28,987,9,"18,660",1,232
Europe,Estonia,2010,"1,331,449","814,656","6,640","419,499","1,672",783,"2,740","85,458",1,233
Europe,Estonia,2020,"1,329,670","699,590","7,953","579,774","2,608",835,"1,800","37,108",1,233
Sub-Saharan Africa,Eswatini,2010,"1,111,650","1,035,296","3,739","44,330",263,"1,516",202,"26,304",1,748
Sub-Saharan Africa,Eswatini,2020,"1,192,730","1,111,963","1,619","73,424",273,"1,517",202,"3,732",1,748
Sub-Saharan Africa,Ethiopia,2010,"90,538,514","56,635,368","31,501,755","56,820","1,061","2,235","5,673","2,335,602",1,231
Sub-Saharan Africa,Ethiopia,2020,"118,917,672","73,227,447","43,095,975","74,119","1,383","2,881","5,680","2,510,187",1,231
Asia-Pacific,Federated States of Micronesia,2010,"107,540","106,235",2,753,90,9,0,449,1,583
Asia-Pacific,Federated States of Micronesia,2020,"110,917","109,589",2,759,93,10,0,463,1,583
Asia-Pacific,Fiji,2010,"910,419","596,603","57,069","2,322",563,"246,826",171,"6,864",1,242
Asia-Pacific,Fiji,2020,"914,963","636,082","52,888","2,300",587,"220,533",189,"2,385",1,242
Europe,Finland,2010,"5,363,351","4,388,519","43,904","888,735","9,053","3,375","2,764","27,000",1,246
Europe,Finland,2020,"5,529,612","3,997,079","89,038","1,385,014","17,393","8,149","3,433","29,507",1,246
Europe,France,2010,"63,417,363","36,209,246","4,202,017","21,867,710","328,446","60,935","489,509","259,501",1,250
Europe,France,2020,"65,905,278","30,624,609","5,995,942","28,105,801","469,906","84,205","455,858","168,956",1,250
Latin America-Caribbean,French Guiana,2010,"234,565","198,285","2,103","7,813","1,407","3,668",106,"21,183",1,254
Latin America-Caribbean,French Guiana,2020,"289,056","243,379","2,652","9,850","1,738","4,625",117,"26,695",1,254
Asia-Pacific,French Polynesia,2010,"270,580","253,078","1,001","13,318",250,191,154,"2,588",1,258
Asia-Pacific,French Polynesia,2020,"279,209","260,910",906,"14,060",261,176,150,"2,746",1,258
Sub-Saharan Africa,Gabon,2010,"1,719,879","1,479,717","93,712","134,053",0,0,0,"12,398",1,266
Sub-Saharan Africa,Gabon,2020,"2,322,539","1,944,962","200,613","133,826",0,0,0,"43,138",1,266
Sub-Saharan Africa,Gambia,2010,"1,926,630","66,596","1,854,061",595,0,"1,400",0,"3,978",1,270
Sub-Saharan Africa,Gambia,2020,"2,515,734","72,789","2,440,330",451,0,"1,662",0,502,1,270
Europe,Georgia,2010,"3,895,925","3,450,962","415,552","17,049",434,441,"1,877","9,609",1,268
Europe,Georgia,2020,"3,795,678","3,346,749","397,058","37,513",442,461,"1,689","11,766",1,268
Europe,Germany,2010,"80,830,924","50,301,328","4,156,166","25,717,125","260,311","102,036","118,277","175,681",1,276
Europe,Germany,2020,"83,628,709","47,028,504","5,476,628","30,229,853","287,475","130,895","118,424","356,928",1,276
Sub-Saharan Africa,Ghana,2010,"25,474,995","18,109,652","4,500,809","1,342,594",0,0,0,"1,521,940",1,288
Sub-Saharan Africa,Ghana,2020,"31,887,809","22,732,151","6,336,301","340,673",0,0,0,"2,478,683",1,288
Europe,Greece,2010,"11,124,670","10,150,699","500,945","408,953","2,072","8,066","4,537","49,398",1,300
Europe,Greece,2020,"10,699,369","9,573,407","547,831","507,404","2,640","9,160","4,173","54,754",1,300
Latin America-Caribbean,Grenada,2010,"111,586","97,609",440,"6,442",0,225,0,"6,869",1,308
Latin America-Caribbean,Grenada,2020,"116,341","101,769",459,"6,716",0,235,0,"7,162",1,308
Latin America-Caribbean,Guadeloupe,2010,"408,812","391,704","1,532","10,251",872,"2,070","1,471",912,1,312
Latin America-Caribbean,Guadeloupe,2020,"407,394","390,558","1,507","10,089",844,"2,037","1,442",917,1,312
Asia-Pacific,Guam,2010,"166,522","156,791",51,"2,743","1,769",0,0,"5,168",1,316
Asia-Pacific,Guam,2020,"162,158","152,455",49,"2,973","1,703",0,0,"4,978",1,316
Latin America-Caribbean,Guatemala,2010,"14,500,113","13,483,886",369,"882,490",738,179,897,"131,553",1,320
Latin America-Caribbean,Guatemala,2020,"17,357,326","15,960,106",470,"1,045,075",950,230,900,"349,595",1,320
Sub-Saharan Africa,Guinea,2010,"10,396,086","880,504","9,135,975","349,478","9,357",0,0,"20,772",1,324
Sub-Saharan Africa,Guinea,2020,"13,371,183","1,565,508","11,607,242","176,449","11,494",0,0,"10,490",1,324
Sub-Saharan Africa,Guinea-Bissau,2010,"1,566,347","410,302","841,511","37,820",0,0,0,"276,713",1,624
Sub-Saharan Africa,Guinea-Bissau,2020,"2,013,255","437,234","1,127,001","233,987",0,0,0,"215,033",1,624
Latin America-Caribbean,Guyana,2010,"749,257","478,767","50,725","23,485",200,"186,008",90,"9,981",1,328
Latin America-Caribbean,Guyana,2020,"807,482","531,933","52,526","23,484",253,"188,943",304,"10,039",1,328
Latin America-Caribbean,Haiti,2010,"9,803,294","8,926,039",189,"748,419",329,0,219,"128,099",1,332
Latin America-Caribbean,Haiti,2020,"11,243,848","9,975,391",209,"1,060,822",358,0,239,"206,829",1,332
Latin America-Caribbean,Honduras,2010,"8,365,878","7,538,562",198,"800,201","10,846",0,990,"15,081",1,340
Latin America-Caribbean,Honduras,2020,"10,119,641","8,953,090",280,"986,048",550,130,600,"178,943",1,340
Asia-Pacific,Hong Kong,2010,"7,101,617","1,318,862","7,455","4,842,871","842,421","7,455",548,"82,006",1,344
Asia-Pacific,Hong Kong,2020,"7,490,236","1,404,128","20,076","5,344,641","630,077","22,725","2,422","66,165",1,344
Europe,Hungary,2010,"9,979,129","7,240,363","6,157","2,493,124","12,393","3,527","15,126","208,438",1,348
Europe,Hungary,2020,"9,749,457","7,055,569","13,574","2,630,004","18,741","5,618","12,963","12,988",1,348
Europe,Iceland,2010,"318,158","258,612","2,301","50,495","1,341",401,300,"4,708",1,352
Europe,Iceland,2020,"366,614","274,663","4,446","72,756","4,912",588,570,"8,679",1,352
Asia-Pacific,India,2010,"1,243,481,564","28,722,189","177,380,313","34,410","8,691,429","994,461,463","4,575","34,187,190",1,356
Asia-Pacific,India,2020,"1,402,617,696","31,062,655","213,057,854","45,725","9,547,094","1,113,204,194","4,227","35,695,954",1,356
Asia-Pacific,Indonesia,2010,"246,305,322","24,325,595","215,596,375","244,773","1,776,312","4,172,304",15,"189,948",1,360
Asia-Pacific,Indonesia,2020,"274,814,866","28,202,346","238,990,485","252,844","1,861,947","4,353,883","2,910","1,150,448",1,360
Asia-Pacific,Iran,2010,"77,420,843","121,692","77,213,206",0,0,0,"9,053","76,892",1,364
Asia-Pacific,Iran,2020,"87,723,443","125,102","87,524,408",44,16,192,"8,108","65,573",1,364
Middle East-North Africa,Iraq,2010,"31,045,366","197,657","30,807,685",278,0,149,0,"39,597",1,368
Middle East-North Africa,Iraq,2020,"42,116,605","157,929","41,905,332",336,0,208,0,"52,799",1,368
Europe,Ireland,2010,"4,559,080","4,188,342","49,712","280,127","8,784","10,799","1,209","20,107",1,372
Europe,Ireland,2020,"4,982,607","4,046,675","84,266","777,348","9,656","34,625","2,720","27,317",1,372
Middle East-North Africa,Israel,2010,"7,336,735","144,120","1,016,688","262,403","3,770","14,620","5,759,319","135,815",1,376
Middle East-North Africa,Israel,2020,"8,800,376","165,383","1,296,427","384,987","3,770","14,620","6,780,636","154,552",1,376
Europe,Italy,2010,"60,164,213","53,242,720","2,055,008","4,054,462","251,522","180,517","45,162","334,822",1,380
Europe,Italy,2020,"59,912,769","48,212,882","2,647,802","7,951,880","367,605","255,140","42,550","434,909",1,380
Sub-Saharan Africa,Ivory Coast,2010,"22,488,065","9,174,916","9,832,302","2,250,676",0,0,0,"1,230,171",1,384
Sub-Saharan Africa,Ivory Coast,2020,"28,915,450","12,987,365","13,393,844","1,608,958",0,0,0,"925,283",1,384
Latin America-Caribbean,Jamaica,2010,"2,748,568","1,936,174",452,"600,543",0,"1,056",201,"210,141",1,388
Latin America-Caribbean,Jamaica,2020,"2,830,739","1,942,236",452,"672,120",35,"1,044",502,"214,350",1,388
Asia-Pacific,Japan,2010,"128,185,275","2,831,511","203,454","66,887,002","53,578,758","31,835","1,694","4,651,021",1,392
Asia-Pacific,Japan,2020,"126,304,543","2,841,385","214,685","72,569,749","46,992,375","40,086","1,738","3,644,524",1,392
Middle East-North Africa,Jordan,2010,"7,297,044","244,733","7,039,011","5,485","2,074","4,656",0,"1,084",1,400
Middle East-North Africa,Jordan,2020,"10,865,228","305,222","10,548,712","5,150","2,048","3,032",0,"1,064",1,400
Asia-Pacific,Kazakhstan,2010,"16,836,811","4,600,295","11,728,780","482,312","15,893",0,"5,714","3,816",1,398
Asia-Pacific,Kazakhstan,2020,"19,482,117","3,758,462","15,177,451","493,764","17,746",0,"8,195","26,499",1,398
Sub-Saharan Africa,Kenya,2010,"41,598,567","34,577,275","4,669,346","1,000,218",301,"57,915",401,"1,293,112",1,404
Sub-Saharan Africa,Kenya,2020,"52,217,334","44,734,739","5,707,957","837,272",502,"66,790",301,"869,771",1,404
Asia-Pacific,Kiribati,2010,"108,704","105,787",112,49,0,0,0,"2,755",1,296
Asia-Pacific,Kiribati,2020,"126,099","123,035",108,127,0,0,0,"2,830",1,296
Europe,Kosovo,2010,"1,788,743","108,932","1,677,088","2,673",0,0,50,0,1,412
Europe,Kosovo,2020,"1,751,417","98,050","1,650,893","2,435",0,0,39,0,1,412
Middle East-North Africa,Kuwait,2010,"2,943,372","276,779","2,430,006","6,936","3,184","217,236",316,"8,914",1,414
Middle East-North Africa,Kuwait,2020,"4,400,144","463,351","3,530,671","10,924","5,344","374,197",476,"15,180",1,414
Asia-Pacific,Kyrgyzstan,2010,"5,491,761","424,075","4,972,948","87,720","5,655",861,501,0,1,417
Asia-Pacific,Kyrgyzstan,2020,"6,664,140","383,412","6,112,180","77,955","2,178",622,311,"87,481",1,417
Asia-Pacific,Laos,2010,"6,334,194","44,075","3,867","4,096","4,052,538",0,0,"2,229,618",1,418
Asia-Pacific,Laos,2020,"7,346,533","113,096","1,627","3,881","4,713,753",0,0,"2,514,175",1,418
Europe,Latvia,2010,"2,097,831","1,738,817","14,696","230,654","1,527",419,"6,489","105,230",1,428
Europe,Latvia,2020,"1,901,124","1,468,952","12,745","322,693","1,313",822,"4,309","90,289",1,428
Middle East-North Africa,Lebanon,2010,"5,041,288","1,705,908","3,141,518",879,348,815,428,"191,393",1,422
Middle East-North Africa,Lebanon,2020,"5,702,398","1,591,319","3,865,288","1,072",379,988,322,"243,029",1,422
Sub-Saharan Africa,Lesotho,2010,"1,996,251","1,942,814","2,718","29,050",0,493,49,"21,126",1,426
Sub-Saharan Africa,Lesotho,2020,"2,235,727","2,175,887","4,884","37,223",1,992,99,"16,641",1,426
Sub-Saharan Africa,Liberia,2010,"4,058,890","3,480,257","489,178","58,979",0,303,0,"30,172",1,430
Sub-Saharan Africa,Liberia,2020,"5,149,464","4,385,745","655,193","54,919",0,304,0,"53,303",1,430
Middle East-North Africa,Libya,2010,"6,497,839","171,054","6,291,116","6,274","18,250","5,781",125,"5,239",1,434
Middle East-North Africa,Libya,2020,"7,045,399","36,961","6,974,559","3,480","18,177","6,341",134,"5,746",1,434
Europe,Lithuania,2010,"3,097,720","2,864,912","3,090","211,531",750,266,"1,392","15,777",1,440
Europe,Lithuania,2020,"2,795,765","2,576,310","2,494","197,942",714,515,"1,036","16,753",1,440
Europe,Luxembourg,2010,"507,410","377,466","3,709","102,486",650,681,"1,081","21,336",1,442
Europe,Luxembourg,2020,"630,597","415,487","11,533","159,455","3,024","2,271","3,066","35,762",1,442
Asia-Pacific,Macao,2010,"562,806","57,015","1,979","381,011","110,192",0,0,"12,609",1,446
Asia-Pacific,Macao,2020,"683,067","69,111","3,252","461,848","133,571",0,0,"15,284",1,446
Sub-Saharan Africa,Madagascar,2010,"22,183,341","15,520,043","139,828","4,980,817","6,635","13,271",102,"1,522,644",1,450
Sub-Saharan Africa,Madagascar,2020,"28,953,557","21,485,099","335,713","6,455,437","7,950","18,434",103,"650,821",1,450
Sub-Saharan Africa,Malawi,2010,"14,826,463","12,890,270","1,722,429","144,264",403,"8,663",504,"59,930",1,454
Sub-Saharan Africa,Malawi,2020,"19,533,888","17,065,264","2,256,536","183,881",302,"13,508",302,"14,094",1,454
Asia-Pacific,Malaysia,2010,"28,655,777","2,650,585","17,567,314","483,719","5,678,959","1,799,380",0,"475,820",1,458
Asia-Pacific,Malaysia,2020,"33,889,559","3,101,974","21,729,035","286,258","6,396,860","2,074,780",0,"300,653",1,458
Asia-Pacific,Maldives,2010,"360,792","5,798","339,589",279,"4,859","9,067",0,"1,200",1,462
Asia-Pacific,Maldives,2020,"502,119","8,265","472,355",342,"6,643","12,759",0,"1,755",1,462
Sub-Saharan Africa,Mali,2010,"15,945,198","553,393","14,993,543","222,742",0,0,0,"175,520",1,466
Sub-Saharan Africa,Mali,2020,"21,713,836","558,426","20,440,039","548,341",0,0,0,"167,029",1,466
Europe,Malta,2010,"422,651","410,211",672,"10,742",333,353,62,277,1,470
Europe,Malta,2020,"518,207","459,129","18,878","27,180","3,145","7,334","1,487","1,053",1,470
Latin America-Caribbean,Martinique,2010,"397,384","383,092",838,"9,559",155,917,0,"2,822",1,474
Latin America-Caribbean,Martinique,2020,"356,615","342,494",774,"9,752",143,847,0,"2,606",1,474
Sub-Saharan Africa,Mauritania,2010,"3,390,965","9,204","3,361,284","3,470",0,0,99,"16,908",1,478
Sub-Saharan Africa,Mauritania,2020,"4,600,131","10,754","4,562,658","4,899",0,0,102,"21,717",1,478
Sub-Saharan Africa,Mauritius,2010,"1,282,710","420,325","223,089","9,397","5,110","622,297",43,"2,448",1,480
Sub-Saharan Africa,Mauritius,2020,"1,283,223","421,625","224,716","9,667","5,070","619,660",43,"2,443",1,480
Sub-Saharan Africa,Mayotte,2010,"207,422","1,372","204,650",445,0,0,0,955,1,175
Sub-Saharan Africa,Mayotte,2020,"284,371","1,483","281,068",511,0,0,0,"1,308",1,175
Latin America-Caribbean,Mexico,2010,"113,623,895","107,963,147","3,908","5,486,652","14,556","2,007","69,954","83,672",1,484
Latin America-Caribbean,Mexico,2020,"126,799,055","113,070,626","7,971","13,484,255","23,158","4,967","59,338","148,740",1,484
Europe,Moldova,2010,"3,631,992","3,554,717","4,822","47,442",128,0,855,"24,027",1,498
Europe,Moldova,2020,"3,069,131","3,054,839","5,562","7,177",109,0,602,840,1,498
Asia-Pacific,Mongolia,2010,"2,701,732","58,031","89,086","1,011,681","1,455,812",80,0,"87,042",1,496
Asia-Pacific,Mongolia,2020,"3,290,786","44,178","116,036","1,343,558","1,682,746",100,0,"104,168",1,496
Europe,Montenegro,2010,"632,089","490,099","124,041","8,024",0,0,0,"9,924",1,499
Europe,Montenegro,2020,"607,935","462,311","129,533","6,951",0,0,0,"9,139",1,499
Middle East-North Africa,Morocco,2010,"32,467,016","31,444","32,356,548","42,381",0,0,"3,518","33,125",1,504
Middle East-North Africa,Morocco,2020,"36,584,208","31,271","36,465,499","47,848",0,0,"2,261","37,329",1,504
Sub-Saharan Africa,Mozambique,2010,"22,999,235","12,956,830","4,137,762","4,357,854",478,"9,968",0,"1,536,343",1,508
Sub-Saharan Africa,Mozambique,2020,"30,783,688","18,882,699","5,980,424","4,398,231",494,"9,873",0,"1,511,968",1,508
Asia-Pacific,Myanmar,2010,"49,024,382","3,042,271","2,243,819","31,545","42,958,198","282,655",79,"465,815",1,104
Asia-Pacific,Myanmar,2020,"53,016,522","3,252,951","1,773,591","31,093","47,211,798","232,962",99,"514,027",1,104
Sub-Saharan Africa,Namibia,2010,"2,109,811","2,028,574","1,405","4,728",704,"1,206",101,"73,094",1,516
Sub-Saharan Africa,Namibia,2020,"2,728,762","2,470,508","3,247","153,666",767,"1,425",110,"99,038",1,516
Asia-Pacific,Nepal,2010,"27,341,953","384,427","1,203,287",513,"2,471,228","22,289,965",0,"992,533",1,524
Asia-Pacific,Nepal,2020,"28,966,575","509,335","1,472,644",375,"2,377,791","23,516,227",0,"1,090,203",1,524
Europe,Netherlands,2010,"16,771,235","7,165,907","838,609","7,637,896","39,731","83,134","30,108","975,851",1,528
Europe,Netherlands,2020,"17,636,731","6,191,032","970,139","9,544,336","52,697","99,261","30,870","748,396",1,528
Asia-Pacific,New Caledonia,2010,"261,582","223,972","7,235","26,134","1,638",0,104,"2,498",1,540
Asia-Pacific,New Caledonia,2020,"284,177","241,842","7,844","29,907","1,776",0,100,"2,708",1,540
Asia-Pacific,New Zealand,2010,"4,347,771","2,135,362","52,098","1,920,876","65,869","101,546","6,236","65,784",1,554
Asia-Pacific,New Zealand,2020,"5,069,895","2,044,350","68,921","2,603,635","60,459","141,383","5,617","145,530",1,554
Latin America-Caribbean,Nicaragua,2010,"5,737,450","4,987,017",274,"715,842",245,0,98,"33,974",1,558
Latin America-Caribbean,Nicaragua,2020,"6,565,267","5,567,748",301,"873,454",282,0,97,"123,385",1,558
Sub-Saharan Africa,Niger,2010,"16,548,835","184,257","16,314,579","35,194",0,0,0,"14,806",1,562
Sub-Saharan Africa,Niger,2020,"23,717,614","131,926","23,274,875","290,355",0,0,0,"20,457",1,562
Sub-Saharan Africa,Nigeria,2010,"166,642,886","73,978,220","90,894,230","706,340","1,035",311,104,"1,062,644",1,566
Sub-Saharan Africa,Nigeria,2020,"213,996,181","92,770,287","119,980,188","811,712","1,027",308,103,"432,557",1,566
Asia-Pacific,North Korea,2010,"24,987,259","99,464","2,499","18,203,829","379,042",364,0,"6,302,061",1,408
Asia-Pacific,North Korea,2020,"26,136,312","100,372","2,614","19,044,889","396,455",414,0,"6,591,569",1,408
Europe,North Macedonia,2010,"2,051,505","1,337,365","683,767","29,399",235,0,98,642,1,807
Europe,North Macedonia,2020,"1,872,016","1,210,919","650,100","9,653",213,0,89,"1,042",1,807
Europe,Norway,2010,"4,889,162","3,853,305","123,189","717,630","25,997","7,479","5,598","155,964",1,578
Europe,Norway,2020,"5,379,274","3,842,008","221,290","1,207,730","36,996","12,399","5,178","53,674",1,578
Middle East-North Africa,Oman,2010,"2,757,446","120,634","2,485,157","2,098","1,676","142,530",106,"5,244",1,512
Middle East-North Africa,Oman,2020,"4,522,497","365,012","3,698,828","6,344","5,069","431,058",320,"15,867",1,512
Asia-Pacific,Pakistan,2010,"199,239,047","2,956,842","192,635,419","27,423","21,092","3,512,748",189,"85,334",1,586
Asia-Pacific,Pakistan,2020,"235,001,746","2,988,865","226,880,801","29,925","24,673","5,028,337",214,"48,931",1,586
Middle East-North Africa,Palestinian territories,2010,"4,016,916","47,363","3,968,464",0,0,0,0,"1,088",1,275
Middle East-North Africa,Palestinian territories,2020,"5,069,692","50,926","5,017,262",0,0,0,0,"1,504",1,275
Latin America-Caribbean,Panama,2010,"3,628,535","3,378,704","1,495","218,374","5,092","2,860","7,972","14,038",1,591
Latin America-Caribbean,Panama,2020,"4,293,261","3,913,647","2,280","266,631","7,358","3,999","9,997","89,349",1,591
Asia-Pacific,Papua New Guinea,2010,"7,633,523","7,596,898","7,147","28,370",272,211,101,523,1,598
Asia-Pacific,Papua New Guinea,2020,"9,815,746","9,726,407","7,339","30,479",272,221,101,"50,926",1,598
Latin America-Caribbean,Paraguay,2010,"5,737,972","5,552,007",706,"28,232","1,492",0,895,"154,639",1,600
Latin America-Caribbean,Paraguay,2020,"6,603,740","6,176,329",748,"280,506","1,497",0,"1,098","143,562",1,600
Latin America-Caribbean,Peru,2010,"29,086,020","27,324,166","2,727","817,730","3,144",746,"1,891","935,616",1,604
Latin America-Caribbean,Peru,2020,"32,838,580","31,029,831","7,089","1,676,968","10,491","3,116","1,873","109,211",1,604
Asia-Pacific,Philippines,2010,"96,337,125","88,412,669","5,367,060","73,033","35,188","1,236",419,"2,447,520",1,608
Asia-Pacific,Philippines,2020,"112,081,264","102,510,876","7,243,082","46,105","40,753","1,489",507,"2,238,451",1,608
Europe,Poland,2010,"38,095,352","37,054,388","4,986","1,009,890","5,225","1,579","3,158","16,125",1,616
Europe,Poland,2020,"38,171,012","34,807,541","2,792","3,300,106","4,089","1,987","4,470","50,027",1,616
Europe,Portugal,2010,"10,578,660","9,707,421","26,585","764,614","18,583","19,982","3,805","37,670",1,620
Europe,Portugal,2020,"10,370,519","8,822,654","42,398","1,429,155","20,659","22,715","3,390","29,549",1,620
Latin America-Caribbean,Puerto Rico,2010,"3,714,836","3,304,107","3,793","383,307","9,581","4,587","1,492","7,968",1,630
Latin America-Caribbean,Puerto Rico,2020,"3,275,805","2,910,166","3,550","340,026","7,209","3,865","1,502","9,487",1,630
Middle East-North Africa,Qatar,2010,"1,709,230","228,219","1,275,570","5,133","2,885","189,561",211,"7,650",1,634
Middle East-North Africa,Qatar,2020,"2,803,375","351,778","2,127,531","7,671","6,124","297,986",305,"11,982",1,634
Sub-Saharan Africa,Republic of the Congo,2010,"4,462,290","4,096,729","66,270","251,327",176,141,90,"47,557",1,178
Sub-Saharan Africa,Republic of the Congo,2020,"5,752,791","5,305,600","84,261","299,098",227,202,111,"63,291",1,178
Sub-Saharan Africa,Reunion,2010,"844,472","737,772","35,860","17,401","1,597","38,813",759,"12,269",1,638
Sub-Saharan Africa,Reunion,2020,"861,446","754,049","35,895","17,979","1,599","38,851",720,"12,354",1,638
Europe,Romania,2010,"20,432,574","20,283,571","69,654","42,877","1,457",352,"9,646","25,018",1,642
Europe,Romania,2020,"19,392,469","19,109,726","68,998","182,212","5,765","3,870","8,778","13,120",1,642
Europe,Russia,2010,"143,934,466","110,955,820","12,411,740","18,755,293","523,766","104,880","198,931","984,036",1,643
Europe,Russia,2020,"146,371,299","102,351,281","11,992,213","29,564,433","515,871","104,273","123,026","1,720,202",1,643
Sub-Saharan Africa,Rwanda,2010,"10,317,554","9,994,948","136,388","92,479",0,500,0,"93,238",1,646
Sub-Saharan Africa,Rwanda,2020,"13,065,837","12,678,252","236,175","131,695",0,497,0,"19,218",1,646
Asia-Pacific,Samoa,2010,"193,023","190,341",79,280,109,99,30,"2,085",1,882
Asia-Pacific,Samoa,2020,"211,944","206,930",54,136,79,79,20,"4,647",1,882
Sub-Saharan Africa,Sao Tome and Principe,2010,"181,802","149,616",299,"22,636",0,0,0,"9,251",1,678
Sub-Saharan Africa,Sao Tome and Principe,2020,"217,435","183,593",199,"21,076",0,0,0,"12,566",1,678
Middle East-North Africa,Saudi Arabia,2010,"25,157,129","843,573","23,749,854","21,606","14,252","504,591",529,"22,723",1,682
Middle East-North Africa,Saudi Arabia,2020,"30,991,207","1,356,705","28,726,928","34,742","22,774","812,626",851,"36,581",1,682
Sub-Saharan Africa,Senegal,2010,"12,635,413","430,667","12,145,340",452,40,0,40,"58,874",1,686
Sub-Saharan Africa,Senegal,2020,"16,789,220","403,510","16,378,970","3,476",51,0,51,"3,161",1,686
Europe,Serbia,2010,"7,395,865","7,061,744","239,893","90,366","1,044",251,623,"1,943",1,688
Europe,Serbia,2020,"6,907,812","6,323,101","305,329","276,925","1,005",244,661,548,1,688
Sub-Saharan Africa,Seychelles,2010,"94,971","89,318",855,"2,130",719,"1,387",0,562,1,690
Sub-Saharan Africa,Seychelles,2020,"120,291","113,016","1,074","2,839",912,"1,743",0,707,1,690
Sub-Saharan Africa,Sierra Leone,2010,"6,222,714","1,128,026","5,074,961","5,997",0,387,0,"13,343",1,694
Sub-Saharan Africa,Sierra Leone,2020,"7,912,558","1,569,006","6,341,649",953,0,769,0,182,1,694
Asia-Pacific,Singapore,2010,"5,077,014","927,552","791,537","842,865","1,676,136","273,067",295,"565,561",1,702
Asia-Pacific,Singapore,2020,"5,620,151","1,054,279","907,016","1,118,190","1,731,090","297,565",856,"511,155",1,702
Europe,Slovakia,2010,"5,391,851","4,047,327","2,174","1,331,449","2,838",287,"2,242","5,533",1,703
Europe,Slovakia,2020,"5,455,024","4,022,824","2,989","1,381,739","6,695",971,"2,067","37,738",1,703
Europe,Slovenia,2010,"2,044,612","1,480,176","18,824","540,677",463,"2,060",230,"2,182",1,705
Europe,Slovenia,2020,"2,102,420","1,375,307","33,820","678,396",807,223,487,"13,380",1,705
Asia-Pacific,Solomon Islands,2010,"532,968","507,863","1,432","1,559","1,705",49,0,"20,359",1,90
Asia-Pacific,Solomon Islands,2020,"744,498","707,440","2,530","2,438","2,530",54,0,"29,505",1,90
Sub-Saharan Africa,Somalia,2010,"12,261,757","4,660","12,238,110","2,571",0,"5,756",0,"10,660",1,706
Sub-Saharan Africa,Somalia,2020,"16,651,191","4,367","16,623,449","2,684",0,"6,660",0,"14,030",1,706
Sub-Saharan Africa,South Africa,2010,"52,344,051","44,142,834","1,016,823","3,039,670","12,518","542,129","71,261","3,518,816",1,710
Sub-Saharan Africa,South Africa,2020,"60,562,381","51,633,743","971,955","1,890,824","21,518","644,994","39,473","5,359,874",1,710
Asia-Pacific,South Korea,2010,"48,769,333","15,670,105","102,418","20,160,988","12,471,060","15,416",100,"349,246",1,410
Asia-Pacific,South Korea,2020,"51,858,482","16,587,217","160,763","25,028,780","9,853,408","47,613",100,"180,600",1,410
Sub-Saharan Africa,South Sudan,2010,"9,745,954","5,720,151","607,303","43,777",221,195,0,"3,374,306",1,728
Sub-Saharan Africa,South Sudan,2020,"10,698,467","6,472,748","665,766","47,105",243,214,0,"3,512,391",1,728
Europe,Spain,2010,"46,840,472","36,838,391","991,390","8,885,346","4,552","21,949","12,069","86,775",1,724
Europe,Spain,2020,"47,679,489","33,116,629","1,704,662","12,568,191","8,455","59,699","12,986","208,868",1,724
Asia-Pacific,Sri Lanka,2010,"20,879,089","1,591,537","2,017,767","3,738","14,636,626","2,626,586",71,"2,765",1,144
Asia-Pacific,Sri Lanka,2020,"22,561,807","1,261,286","2,301,846","15,766","15,703,005","3,279,342",62,499,1,144
Latin America-Caribbean,St. Lucia,2010,"170,907","156,416",175,"10,300",0,524,0,"3,492",1,662
Latin America-Caribbean,St. Lucia,2020,"178,251","163,516",169,"10,519",0,555,0,"3,491",1,662
Latin America-Caribbean,St. Vincent and the Grenadines,2010,"109,959","94,898",118,"8,657",0,94,0,"6,191",1,670
Latin America-Caribbean,St. Vincent and the Grenadines,2020,"103,526","89,358",111,"8,141",0,89,0,"5,828",1,670
Middle East-North Africa,Sudan,2010,"35,414,400","60,882","35,308,582","44,463",0,472,0,0,1,729
Middle East-North Africa,Sudan,2020,"46,789,231","228,321","46,253,736","263,523",0,579,0,"43,071",1,729
Latin America-Caribbean,Suriname,2010,"549,923","283,917","77,311","40,544","1,944","128,686",201,"17,320",1,740
Latin America-Caribbean,Suriname,2020,"612,317","323,222","80,153","49,654","2,350","137,488",202,"19,247",1,740
Europe,Sweden,2010,"9,378,232","6,822,866","423,638","2,013,584","56,811","24,418","8,358","28,558",1,752
Europe,Sweden,2020,"10,353,687","6,292,071","838,566","2,992,876","86,937","46,800","16,396","80,041",1,752
Europe,Switzerland,2010,"7,825,754","5,740,058","396,963","1,571,751","42,789","40,868","19,169","14,155",1,756
Europe,Switzerland,2020,"8,640,582","5,320,913","525,613","2,658,287","53,493","46,609","19,529","16,137",1,756
Middle East-North Africa,Syria,2010,"22,482,421","1,931,126","20,113,815","434,826",0,"2,001",121,532,1,760
Middle East-North Africa,Syria,2020,"21,049,429","808,455","19,821,403","416,788",0,"2,105",118,559,1,760
Asia-Pacific,Taiwan,2010,"23,224,049","1,146,620","80,171","5,289,014","4,847,485",0,0,"11,860,759",1,158
Asia-Pacific,Taiwan,2020,"23,663,459","1,310,788","117,797","5,464,327","4,540,722",0,0,"12,229,824",1,158
Asia-Pacific,Tajikistan,2010,"7,652,141","76,536","7,568,826","5,705",412,351,0,311,1,762
Asia-Pacific,Tajikistan,2020,"9,749,311","97,515","9,643,445","7,268",409,358,0,317,1,762
Sub-Saharan Africa,Tanzania,2010,"44,758,488","27,607,462","15,836,936","974,808",139,"4,465",129,"334,549",1,834
Sub-Saharan Africa,Tanzania,2020,"60,972,798","39,444,311","18,211,243","2,120,731",109,"3,953",109,"1,192,342",1,834
Asia-Pacific,Thailand,2010,"68,579,448","835,783","3,459,373","48,758","64,085,976","49,259",201,"100,099",1,764
Asia-Pacific,Thailand,2020,"71,641,484","740,494","3,234,319","9,048","67,624,158","28,923",200,"4,341",1,764
Asia-Pacific,Timor-Leste,2010,"1,084,680","1,078,335","2,070","1,913",399,"1,710",0,252,1,626
Asia-Pacific,Timor-Leste,2020,"1,326,054","1,319,892","3,404",847,402,171,0,"1,338",1,626
Sub-Saharan Africa,Togo,2010,"6,732,590","3,932,378","1,092,021","509,565",123,102,26,"1,198,376",1,768
Sub-Saharan Africa,Togo,2020,"8,669,721","4,931,705","1,399,132","694,686",133,103,26,"1,643,936",1,768
Asia-Pacific,Tonga,2010,"107,400","105,049",25,301,191,105,0,"1,729",1,776
Asia-Pacific,Tonga,2020,"105,704","103,340",64,614,62,83,0,"1,540",1,776
Latin America-Caribbean,Trinidad and Tobago,2010,"1,386,654","964,780","76,877","35,356",448,"289,567",98,"19,527",1,780
Latin America-Caribbean,Trinidad and Tobago,2020,"1,481,024","1,036,976","80,927","36,264",435,"305,346",293,"20,783",1,780
Middle East-North Africa,Tunisia,2010,"10,765,980","24,704","10,700,500","39,887",0,0,889,0,1,788
Middle East-North Africa,Tunisia,2020,"11,974,057","29,537","11,890,693","52,843",0,0,985,0,1,788
Asia-Pacific,Turkey,2010,"73,346,769","476,814","72,341,063","133,939","30,808","23,812","18,296","322,037",1,792
Asia-Pacific,Turkey,2020,"86,091,692","117,069","83,600,950","2,177,260","45,547","37,144","25,210","88,512",1,792
Asia-Pacific,Turkmenistan,2010,"5,564,356","354,481","5,176,014","28,256",633,106,211,"4,656",1,795
Asia-Pacific,Turkmenistan,2020,"6,949,912","390,253","6,552,928","4,996",467,111,222,934,1,795
Latin America-Caribbean,U.S. Virgin Islands,2010,"106,311","100,761",113,"3,959",0,452,351,675,1,850
Latin America-Caribbean,U.S. Virgin Islands,2020,"87,707","82,866",92,"3,536",0,369,292,551,1,850
Sub-Saharan Africa,Uganda,2010,"32,390,802","28,383,646","3,629,678","5,008",200,"1,502",90,"370,677",1,800
Sub-Saharan Africa,Uganda,2020,"44,457,153","39,008,617","5,073,864","42,181",356,"2,372",463,"329,299",1,800
Europe,Ukraine,2010,"46,456,003","39,699,613","419,362","6,150,644","46,596","5,308","46,596","87,883",1,804
Europe,Ukraine,2020,"44,680,015","37,276,433","253,705","6,766,595","149,418","5,658","42,764","185,442",1,804
Middle East-North Africa,United Arab Emirates,2010,"6,938,363","912,831","5,212,675","21,419","10,660","749,553",959,"30,266",1,784
Middle East-North Africa,United Arab Emirates,2020,"9,448,524","1,352,428","6,891,776","31,731","15,792","1,110,535","1,418","44,843",1,784
Europe,United Kingdom,2010,"63,006,483","39,302,828","3,313,047","18,135,823","283,117","926,556","284,592","760,521",1,826
Europe,United Kingdom,2020,"67,351,862","33,251,891","4,289,719","27,087,678","307,872","1,141,913","296,871","975,918",1,826
North America,United States,2010,"311,062,790","243,496,650","2,772,150","51,184,777","3,583,701","1,789,528","5,705,286","2,530,697",1,840
North America,United States,2020,"339,436,159","217,273,083","4,047,372","100,914,371","4,384,653","3,035,529","5,733,777","4,047,372",1,840
Latin America-Caribbean,Uruguay,2010,"3,318,580","2,023,645",713,"1,203,443",0,0,"17,223","73,556",1,858
Latin America-Caribbean,Uruguay,2020,"3,398,968","1,512,245","3,035","1,781,393",0,0,"16,256","86,039",1,858
Asia-Pacific,Uzbekistan,2010,"28,385,507","952,991","27,179,293","171,538","19,060","57,179","4,265","1,180",1,860
Asia-Pacific,Uzbekistan,2020,"33,586,372","932,125","32,116,038","185,391","4,959","9,236","2,805","335,818",1,860
Asia-Pacific,Vanuatu,2010,"238,248","196,811",58,"2,584",49,49,39,"38,658",1,548
Asia-Pacific,Vanuatu,2020,"298,859","249,558",58,"4,084",48,58,38,"45,015",1,548
Latin America-Caribbean,Venezuela,2010,"28,813,101","25,746,820","14,351","2,429,254","6,148",0,"11,533","604,996",1,862
Latin America-Caribbean,Venezuela,2020,"28,444,078","25,063,617","13,957","2,766,969","6,070",0,"4,992","588,472",1,862
Asia-Pacific,Vietnam,2010,"87,455,152","7,691,998","76,467","54,348,859","24,125,287","57,326",125,"1,155,090",1,704
Asia-Pacific,Vietnam,2020,"98,079,191","8,170,016","70,694","66,373,765","22,578,634","40,495",125,"845,463",1,704
Middle East-North Africa,Western Sahara,2010,"409,716",677,"407,710","1,161",0,0,0,168,1,732
Middle East-North Africa,Western Sahara,2020,"549,365",847,"546,903","1,390",0,0,0,225,1,732
Middle East-North Africa,Yemen,2010,"26,754,387","29,750","26,695,431","20,230",147,"5,406",259,"3,164",1,887
Middle East-North Africa,Yemen,2020,"36,134,864","20,138","36,085,366","22,243",197,"2,798",73,"4,047",1,887
Sub-Saharan Africa,Zambia,2010,"13,965,594","13,642,001","70,598","11,088",304,"2,542",172,"238,890",1,894
Sub-Saharan Africa,Zambia,2020,"19,059,395","18,731,646","97,449","11,389",363,"3,061",191,"215,296",1,894
Sub-Saharan Africa,Zimbabwe,2010,"13,356,548","11,278,972","67,145","1,667,285","5,805","6,528",416,"330,397",1,716
Sub-Saharan Africa,Zimbabwe,2020,"15,526,889","13,539,476","82,154","1,636,517","5,777","5,918",198,"256,850",1,716
